first_name,last_name,email,phone_number
John,Doe,john.doe@example.com,1234567890
Jane,Doe,jane.doe@example.com,0987654321
Jim,Smith,jim.smith@example.com,2345678901
Jill,Johnson,jill.johnson@example.com,3456789012
Jack,Jones,jack.jones@example.com,4567890123
Jenny,Davis,jenny.davis@example.com,5678901234
Joe,Miller,joe.miller@example.com,6789012345
Jess,Wilson,jess.wilson@example.com,7890123456
Jeff,Taylor,jeff.taylor@example.com,8901234567
Julie,Anderson,julie.anderson@example.com,9012345678
Jerry,Thomas,jerry.thomas@example.com,0123456789
Janet,Jackson,janet.jackson@example.com,1234509876
Jacob,White,jacob.white@example.com,2345609871
Jasmine,Harris,jasmine.harris@example.com,3456709812
James,Martin,james.martin@example.com,4567809123
Joan,Thompson,joan.thompson@example.com,5678091234
Jean,Garcia,jean.garcia@example.com,6780912345
Jill,Martinez,jill.martinez@example.com,7809123456
Judy,Robinson,judy.robinson@example.com,8091234567
June,Clark,june.clark@example.com,0912345678
John,Doe,john.doe@example.com,1234567890
Jane,Doe,jane.doe@example.com,0987654321
Jim,Smith,jim.smith@example.com,2345678901
Jill,Johnson,jill.johnson@example.com,3456789012
Jack,Jones,jack.jones@example.com,4567890123
Jenny,Davis,jenny.davis@example.com,5678901234
Joe,Miller,joe.miller@example.com,6789012345
Jess,Wilson,jess.wilson@example.com,7890123456
Jeff,Taylor,jeff.taylor@example.com,8901234567
Julie,Anderson,julie.anderson@example.com,9012345678
Jerry,Thomas,jerry.thomas@example.com,0123456789
Janet,Jackson,janet.jackson@example.com,1234509876
Jacob,White,jacob.white@example.com,2345609871
Jasmine,Harris,jasmine.harris@example.com,3456709812
James,Martin,james.martin@example.com,4567809123
Joan,Thompson,joan.thompson@example.com,5678091234
Jean,Garcia,jean.garcia@example.com,6780912345
Jill,Martinez,jill.martinez@example.com,7809123456
Judy,Robinson,judy.robinson@example.com,8091234567
June,Clark,june.clark@example.com,0912345678
George,Orwell,george.orwell@example.com,1234567890
Harper,Lee,harper.lee@example.com,0987654321
J.K.,Rowling,jk.rowling@example.com,2345678901
J.R.R.,Tolkien,jrr.tolkien@example.com,3456789012
F. Scott,Fitzgerald,f.scott.fitzgerald@example.com,4567890123
Ernest,Hemingway,ernest.hemingway@example.com,5678901234
Mark,Twain,mark.twain@example.com,6789012345
Charles,Dickens,charles.dickens@example.com,7890123456
Jane,Austen,jane.austen@example.com,8901234567
Leo,Tolstoy,leo.tolstoy@example.com,9012345678
Emily,Bronte,emily.bronte@example.com,0123456789
Virginia,Woolf,virginia.woolf@example.com,1234509876
Oscar,Wilde,oscar.wilde@example.com,2345609871
Agatha,Christie,agatha.christie@example.com,3456709812
Arthur,Conan Doyle,arthur.conan.doyle@example.com,4567809123
Stephen,King,stephen.king@example.com,5678091234
J.D.,Salinger,jd.salinger@example.com,6780912345
Haruki,Murakami,haruki.murakami@example.com,7809123456
Gabriel,Garcia Marquez,gabriel.garcia.marquez@example.com,8091234567
Franz,Kafka,franz.kafka@example.com,0912345678
